[{"id":"user-image-image3.png","publicUrl":"np://user.desktop.nicepage.com/Site_165212438/images/image3.png","size":423184,"hash":"5Q8/47PN2RyqvUse4bUJuQTLK9U=","fileName":"image3.png","name":"image3","width":689,"height":1012,"thumbnail":{"url":"np://user.desktop.nicepage.com/Site_165212438/images/thumbnails/image3.png","width":170,"height":250},"folderId":null,"usages":["33159346"]},{"id":"user-image-image2.png","publicUrl":"np://user.desktop.nicepage.com/Site_165212438/images/image2.png","size":504609,"hash":"J4g0ApYjVzdEondavZjYhcLgOY8=","fileName":"image2.png","name":"image2","width":717,"height":1012,"thumbnail":{"url":"np://user.desktop.nicepage.com/Site_165212438/images/thumbnails/image2.png","width":177,"height":250},"folderId":null,"usages":["33159346"]},{"id":"user-image-image1.png","publicUrl":"np://user.desktop.nicepage.com/Site_165212438/images/image1.png","size":544591,"hash":"MSJasNAF/iXroPqyiwyBuRejWcQ=","fileName":"image1.png","name":"image1","width":521,"height":738,"thumbnail":{"url":"np://user.desktop.nicepage.com/Site_165212438/images/thumbnails/image1.png","width":176,"height":250},"folderId":null,"usages":["33159346"]},{"id":"user-image-image2.jpg","publicUrl":"np://user.desktop.nicepage.com/Site_165212438/images/image2.jpg","size":459008,"hash":"19Tg8yFM2wcYWmpdzxCFMFdq9uU=","fileName":"image2.jpg","name":"image2","width":1400,"height":1050,"thumbnail":{"url":"np://user.desktop.nicepage.com/Site_165212438/images/thumbnails/image2.jpg","width":250,"height":188},"folderId":null,"usages":["33159346"]},{"id":"user-image-image1.jpg","publicUrl":"np://user.desktop.nicepage.com/Site_165212438/images/image1.jpg","size":380045,"hash":"SNCLFRWSSugDNple59KP5MdU9Y4=","fileName":"image1.jpg","name":"image1","width":2048,"height":1367,"thumbnail":{"url":"np://user.desktop.nicepage.com/Site_165212438/images/thumbnails/image1.jpg","width":250,"height":167},"folderId":null,"usages":["33159346"]}]